SET FOREIGN_KEY_CHECKS=0;

-- Vaciando las tablas para una repoblación limpia
TRUNCATE TABLE Palabras;
TRUNCATE TABLE Subcategorias;
TRUNCATE TABLE Niveles;
TRUNCATE TABLE Categorias;

-- Insertar Categorias Principales (Modo)
INSERT INTO Categorias (id, nombre) VALUES (1, 'CLASICO'), (2, 'EXPANSION ');

-- Insertar Niveles (Categoria del CSV)
INSERT INTO Niveles (id, nombre) VALUES 
(1, 'NIVEL 1'), (2, 'NIVEL 2'), (3, 'NIVEL 3'), (4, 'NIVEL 4'), (5, 'NIVEL 5'), (6, 'NIVEL 6'), 
(7, 'ARGENTINA'), (8, 'DEPORTES'), (9, 'TECNOLOGIA'), (10, 'LUGARES'), (11, 'DE COMPRAS'), (12, 'COMODIN');

-- Insertar Subcategorias con sus relaciones a Categorias y Niveles
INSERT INTO Subcategorias (nombre, categoria_id, nivel_id) VALUES
('PAÍSES', 1, 1),
('CIUDADES', 1, 1),
('COMIDAS', 1, 1),
('NOMBRES DE VARON', 1, 1),
('NOMBRES DE MUJER', 1, 1),
('ALIMENTOS (Platos, postres, frutas o verduras)', 1, 1),
('ANIMALES', 1, 1),
('COLORES', 1, 1),
('OBJETOS', 1, 1),
('VERBOS EN INFINITIVO', 1, 1),
('CALLES Y AVENIDAS', 1, 2),
('EN EL BAÚL DE LA ABUELA', 1, 2),
('EN LA CARTERA DE LA DAMA', 1, 2),
('CUERPO HUMANO', 1, 2),
('PROFESIONES Y OFICIOS', 1, 2),
('FAMOSOS DEL ESPECTÁCULO (Nombre, apellido o seudónimo por el que son conocidos)', 1, 2),
('PERSONAJES HISTÓRICOS (Nombre, apellido o seudónimo por el que son conocidos)', 1, 2),
('ARTISTAS (Nombre, apellido o seudónimo por el que son conocidos)', 1, 2),
('SUSTANTIVOS', 1, 2),
('CLUBES DE FUTBOL', 1, 2),
('RIOS Y MARES', 1, 3),
('BANDAS O CANTANTES (Ej: The Rolling Stones va por la “r” o la “s”)', 1, 3),
('ESCRITORES Y POETAS (Nombre, apellido o seudónimo por el que son conocidos)', 1, 3),
('MARCAS', 1, 3),
('DEPORTES', 1, 3),
('FRUTAS O VERDURAS', 1, 3),
('INSTRUMENTOS MUSICALES', 1, 3),
('PELÍCULAS O SERIES (Ej: “El paciente ingles” aplica para la “p”)', 1, 3),
('ACTORES Y ACTRICES (Aplica solo una vez. Ej: Robbie Williams va en la “r” o en la “w”)', 1, 3),
('ADJETIVOS', 1, 3),
('EMPRESAS (O MARCAS) DE ALIMENTOS', 1, 4),
('EMPRESAS (O MARCAS) DE INDUMENTARIA', 1, 4),
('EMPRESAS MULTINACIONALES', 1, 4),
('EMPRESAS DE SERVICIOS', 1, 4),
('EMPRESAS DE TECNOLOGIA', 1, 4),
('EMPRESAS DE AEROLÍNEAS', 1, 4),
('EMPRESAS AUTOMOTRICES', 1, 4),
('EMPRESAS DE UNA PALABRA DE DOS SÍLABAS', 1, 4),
('EMPRESAS DE UNAPALABRADE TRES SÍLABAS O MÁS', 1, 4),
('EMPRESAS ARGENTINAS', 1, 4),
('RELATIVO A BEBÉS O NIÑOS', 1, 5),
('RELATIVO A LOS ABUELOS', 1, 5),
('RELATIVO A LOS ABOGADOS', 1, 5),
('RELATIVO A LOS MÉDICOS', 1, 5),
('RELATIVO A LOS VIAJES', 1, 5),
('RELATIVO A LOS ESTUDIANTES', 1, 5),
('RELATIVO A LA COCINA', 1, 5),
('RELATIVO A LAS VACACIONES', 1, 5),
('RELATIVO A LOS DEPORTISTAS', 1, 5),
('RELATIVO A LA OFICINA', 1, 5),
('SUPERHÉROES', 1, 6),
('CAPITALES DEL MUNDO', 1, 6),
('ELEMENTOS QUÍMICOS', 1, 6),
('BEBIDAS O TRAGOS', 1, 6),
('RELATIVO A ÁFRICA', 1, 6),
('RELATIVO A ASIA', 1, 6),
('RELATIVO AL ESPACIO', 1, 6),
('ÁRBOLES O PLANTAS', 1, 6),
('RAZAS DE PERROS', 1, 6),
('MEDIOS DE TRANSPORTE', 1, 6),
('HISTORIA', 2, 7),
('GEOGRAFÍA', 2, 7),
('PERSONAS', 2, 7),
('DEPORTISTAS', 2, 7),
('MUSICA', 2, 7),
('COMODIN', 2, 7),
('BARRIOS', 2, 7),
('PORTEÑOS', 2, 7),
('POLITICOS PRÓCERES', 2, 7),
('CLUBES', 2, 7),
('FUTBOL ', 2, 8),
('AUTOMOVILISMO', 2, 8),
('TENIS - PALETA - PADDLE  -PING PONG', 2, 8),
('BASQUET - VOLEY', 2, 8),
('JUEGOS OLIMPICOS', 2, 8),
('CAMPEONES', 2, 8),
('EXTREMOS - DE CONTACTO O AVENTURA', 2, 8),
('ARGENTINA', 2, 8),
('ATLETISMO - GIMNASIA', 2, 8),
('COMODIN', 2, 8),
('INVENTOS', 2, 9),
('EMPRESAS', 2, 9),
('OBJETOS', 2, 9),
('APLICACIONES', 2, 9),
('JUEGOS', 2, 9),
('EN MI COMPUTADORA HAY', 2, 9),
('CON MI SMARTPHONE PUEDO', 2, 9),
('EN EL FUTURO VA A EXISTIR', 2, 9),
('SOFTWARE', 2, 9),
('COMODIN', 2, 9),
('EN LA PLAYA', 2, 10),
('EN LA CASA', 2, 10),
('EN LA CALLE', 2, 10),
('EN LA MONTAÑA', 2, 10),
('EN LA CIUDAD', 2, 10),
('EN EL SHOPPING', 2, 10),
('EN LA OFICINA', 2, 10),
('EN EL COLEGIO', 2, 10),
('EN EL CAMPO', 2, 10),
('COMODIN', 2, 10),
('EN LA FERRETERIA', 2, 11),
('EN EL FREE SHOP', 2, 11),
('EN EL KIOSCO', 2, 11),
('EN EL RESTORAN', 2, 11),
('EN LA LIBRERIA O ARTISTICA', 2, 11),
('EN EL BAR', 2, 11),
('EN LA ESTACION DE SERVICIO', 2, 11),
('EN LA FARMACIA', 2, 11),
('EN EL HIPERMERCADO', 2, 11),
('COMODIN', 2, 11),
('NOMBRE DE MUJER O VARON', 2, 12),
('ANIMALES - FRUTAS O VERDURAS', 2, 12),
('EMPRESAS O MARCAS', 2, 12),
('RIOS - MARES - OCEANOS', 2, 12),
('PAISES - CAPITALES - CIUDADES - LOCALIDADES', 2, 12),
('INSTRUMENTOS - HERRAMIENTAS', 2, 12),
('MUSICA - TEATRO -CINE - TV', 2, 12),
('EN MI PAIS HAY', 2, 12),
('APELLIDOS DEL MUNDO', 2, 12),
('COLORES - LUGARES - CALLES - AVENIDAS', 2, 12);

SET FOREIGN_KEY_CHECKS=1;
